Data,Ano,Mes,SP_LEVES,SP_PESADOS,SP_TOTAL
2006-01-01,2006,1,115.44755311542131,123.99219973915292,117.34498411946947
2006-02-01,2006,2,94.58103982210531,116.1938258942813,99.38039223339293
2006-03-01,2006,3,99.25124776456066,139.26065575494184,108.13576862510948
2006-04-01,2006,4,102.00407285240544,125.52352860287289,107.22682184419308
2006-05-01,2006,5,96.80692368361662,138.0833190784404,105.9727927717505
2006-06-01,2006,6,92.34871234795054,134.09665977466997,101.61929465416601
2006-07-01,2006,7,106.5969370051012,139.78058421724262,113.96572401530243
2006-08-01,2006,8,99.74770005249495,147.7772216532928,110.41317370026943
2006-09-01,2006,9,101.20315562122208,140.76729350442827,109.9887994487309
2006-10-01,2006,10,103.6195045034944,143.95837884502333,112.57718692320258
2006-11-01,2006,11,104.69160887803083,143.11717796261917,113.22442121538307
2006-12-01,2006,12,122.7486970231057,139.62891740422762,126.49713214473496
2007-01-01,2007,1,117.83513877731605,132.55651991292453,121.10418034441066
2007-02-01,2007,2,101.8995525183749,121.44365041332819,106.23953039283049
2007-03-01,2007,3,105.48988807976313,146.27550081711982,114.5467735818537
2007-04-01,2007,4,107.30760253724807,133.42664456260727,113.10761771836857
2007-05-01,2007,5,102.97896550675671,146.24388425730308,112.58640766790018
2007-06-01,2007,6,102.29696389355678,140.94208783106475,110.87853075562653
2007-07-01,2007,7,113.48453087484351,145.32950606329663,120.55605131407347
2007-08-01,2007,8,107.75561634553709,156.5486453206908,118.59063504622209
2007-09-01,2007,9,112.19557466685251,147.98043028780017,120.14198807872982
2007-10-01,2007,10,114.05802151593993,159.3816752470189,124.12262799916687
2007-11-01,2007,11,112.12574362968849,150.04942782165674,120.54710700985673
2007-12-01,2007,12,128.09598303095072,142.7072854014218,131.34058042018094
2008-01-01,2008,1,123.57602529337548,142.22213406624385,127.71659499139348
2008-02-01,2008,2,108.81244839458513,134.7525098513164,114.57271900872803
2008-03-01,2008,3,117.09565307036401,145.16192771963077,123.3280722718491
2008-04-01,2008,4,112.1213443857204,149.29404421448115,120.37594358276284
2008-05-01,2008,5,116.41114927114342,151.60537681062146,124.2264073429591
2008-06-01,2008,6,108.61654282142483,153.46046972528728,118.57462078503968
2008-07-01,2008,7,123.02496805839912,162.52398660048584,131.80478592436114
2008-08-01,2008,8,115.56014989975465,157.92228736860946,124.94990824796562
2008-09-01,2008,9,112.23850676431495,161.18121876330508,123.13049234470404
2008-10-01,2008,10,118.56426631260584,164.01288277173938,128.65386935142888
2008-11-01,2008,11,118.15174070376598,147.32926602100721,124.61447760865445
2008-12-01,2008,12,134.87462419330436,140.42589874594594,136.09212441029518
2009-01-01,2009,1,127.15681516946677,128.21327029640454,127.37001510423359
2009-02-01,2009,2,111.65005095485436,122.4901814033421,114.03634526931495
2009-03-01,2009,3,116.1061915444004,146.40085428100028,122.83689677310942
2009-04-01,2009,4,120.92435992406011,140.73618040747138,125.2949139730227
2009-05-01,2009,5,119.0196705470419,147.0735392536742,125.23738327027145
2009-06-01,2009,6,112.59209066018252,144.39088060352796,119.63044169208486
2009-07-01,2009,7,123.79635678198423,149.7813840352578,129.5533857441259
2009-08-01,2009,8,120.29213427332124,150.88444840705765,127.04605436830377
2009-09-01,2009,9,120.1786296364887,153.15381947328413,127.49410216162973
2009-10-01,2009,10,129.89215368571863,160.05563914995483,136.55731870716437
2009-11-01,2009,11,124.18440086122285,153.30629722107057,130.63178469864812
2009-12-01,2009,12,141.55927119181362,152.21234108057942,143.91584335113563
2010-01-01,2010,1,131.69367562341856,136.2742544658612,132.70498940990518
2010-02-01,2010,2,114.35576120570244,136.58081101020238,119.32437583929223
2010-03-01,2010,3,121.39065351283229,168.47279302681616,131.97867679260855
2010-04-01,2010,4,127.32071907915024,162.22985638821817,135.19662141201158
2010-05-01,2010,5,128.04017276805445,174.58354766097497,138.55102007515856
2010-06-01,2010,6,120.99439378894903,166.81772556895024,131.27638066286113
2010-07-01,2010,7,135.93024481640043,170.65840194955422,143.6926119278476
2010-08-01,2010,8,131.63805630263232,179.9623379021033,142.51010556205787
2010-09-01,2010,9,131.1931792170642,178.41483814816257,141.80433333992718
2010-10-01,2010,10,137.8136638225233,178.15341735242484,146.8420672079839
2010-11-01,2010,11,138.4507187734172,172.63333521548293,146.04628844988855
2010-12-01,2010,12,157.52147443478506,172.30358346527035,160.8374145732453
2011-01-01,2011,1,149.90644267786925,155.15472354573976,151.0658164195662
2011-02-01,2011,2,124.3123549020367,159.5979516749047,132.3676437404423
2011-03-01,2011,3,139.0029112782877,176.1747808748879,147.13571071522915
2011-04-01,2011,4,142.5880047750008,169.07342116208926,148.41527943510422
2011-05-01,2011,5,135.23741477527528,184.4415006642038,146.34966184977822
2011-06-01,2011,6,134.14965049519552,177.33386094367017,143.7436042925831
2011-07-01,2011,7,144.71364982135276,182.5756998257431,153.18764433684692
2011-08-01,2011,8,138.13944354148234,192.7212855144057,150.47174239712118
2011-09-01,2011,9,136.74772082516844,187.17789945374145,148.09508188013066
2011-10-01,2011,10,143.76710641946977,185.42909079559132,153.08593840411382
2011-11-01,2011,11,141.96459616121885,181.83525417358993,150.89677582727543
2011-12-01,2011,12,160.89588922336833,176.25310692105882,164.34419888139468
2012-01-01,2012,1,154.40316326254575,160.38384947548744,155.74908938340837
2012-02-01,2012,2,139.34550169946993,160.1507553394769,143.97417993729104
2012-03-01,2012,3,142.0127445763573,186.51527453661225,151.87443663809307
2012-04-01,2012,4,145.34271499829345,169.98412633740875,150.74659045375884
2012-05-01,2012,5,140.61581100973712,184.69070307503785,150.33049566711253
2012-06-01,2012,6,137.03218095354222,176.32298007192617,145.50080725840465
2012-07-01,2012,7,152.16537420077952,183.01590086134334,158.96937773864627
2012-08-01,2012,8,145.35628035729985,201.2204437237361,157.93916074150428
2012-09-01,2012,9,148.56328580853403,187.54822771738696,157.1115013520468
2012-10-01,2012,10,150.06617825574293,198.935361154675,160.95610711079553
2012-11-01,2012,11,151.58354948873182,187.73326420429854,159.71119159542246
2012-12-01,2012,12,167.626126581399,171.7955706913925,168.64949968472885
2013-01-01,2013,1,161.21915292174802,173.96463153837985,164.3772177177039
2013-02-01,2013,2,135.70029314770676,160.7225364338841,141.55587263925108
2013-03-01,2013,3,152.07993129696465,182.3150426179942,158.95339881731618
2013-04-01,2013,4,142.54151683835423,188.88864213308716,153.01682967287536
2013-05-01,2013,5,149.98188439305176,191.16552534775877,159.2068735524826
2013-06-01,2013,6,143.06077946316728,183.86990882008087,151.78556513424883
2013-07-01,2013,7,158.2420467997107,192.36768424970953,165.94209679896116
2013-08-01,2013,8,154.99976814202137,199.74947493457717,165.00987733314184
2013-09-01,2013,9,152.44547538231419,194.40610577791165,161.38617680008173
2013-10-01,2013,10,158.85493341047257,202.77775894906537,168.29379850810213
2013-11-01,2013,11,161.8742834306101,184.94489082055998,166.54203593567826
2013-12-01,2013,12,176.97396813748637,172.73511411268845,175.8045211837739
2014-01-01,2014,1,173.0365649131879,171.54127454966627,172.50628311368786
2014-02-01,2014,2,144.89061461176448,174.99706667469525,151.5773163045968
2014-03-01,2014,3,158.85124510217437,176.8715008447537,162.66065169889603
2014-04-01,2014,4,161.74955420206558,174.92819354724625,164.35215820151478
2014-05-01,2014,5,154.98040001983705,181.9549246482167,160.56308226293223
2014-06-01,2014,6,147.91094370106848,165.62963686660962,151.06327892921337
2014-07-01,2014,7,154.34264824932183,181.78813032516973,159.98011174217515
2014-08-01,2014,8,162.92996044361487,183.9483984924632,167.06665490473662
2014-09-01,2014,9,155.18274988495648,184.73057821803863,161.62185296773842
2014-10-01,2014,10,164.7089636217983,195.26465101253484,170.60852020279333
2014-11-01,2014,11,163.40524521937684,177.26685359899528,165.66589494982216
2014-12-01,2014,12,183.7181492528495,168.94582232915988,179.56483084355682
2015-01-01,2015,1,175.2190124680526,161.16863635636085,171.34964077562665
2015-02-01,2015,2,147.81294575971953,148.95588329695067,147.53534347950662
2015-03-01,2015,3,154.87001294406608,179.06576850085708,159.5572344496818
2015-04-01,2015,4,161.21241276987385,164.73713281451646,161.1640931665061
2015-05-01,2015,5,157.03238446906235,169.39139339650245,158.76322732661563
2015-06-01,2015,6,152.95619477324107,162.92093563477147,153.86158050936342
2015-07-01,2015,7,164.24296256341793,172.52739974556025,164.99842019761851
2015-08-01,2015,8,160.40223836577414,175.6143565389866,163.16923238389873
2015-09-01,2015,9,158.17573033436696,173.79152076104543,161.31687401608744
2015-10-01,2015,10,168.21764951730978,180.1696370037639,169.6995275720896
2015-11-01,2015,11,154.6863437318608,165.17687089270376,156.20341999123374
2015-12-01,2015,12,179.81473516598132,159.4531148893937,174.3481857581662
2016-01-01,2016,1,169.5053624768719,143.28436140987054,162.7544040603443
2016-02-01,2016,2,150.66408035932426,148.72222743884544,149.64324363965966
2016-03-01,2016,3,156.6508995397065,166.63445534474658,157.93941609230396
2016-04-01,2016,4,155.47547424542964,159.5686862256983,155.59349345254452
2016-05-01,2016,5,152.8191803589125,158.7969364610285,153.07142938709265
2016-06-01,2016,6,141.35814984251098,159.18118883071776,144.22779104234826
2016-07-01,2016,7,164.59483200503044,160.09045058892247,162.6521616268763
2016-08-01,2016,8,152.69087855621083,166.32120306689026,155.14503428312827
2016-09-01,2016,9,150.7323276110415,160.82957399505878,152.7127758987667
2016-10-01,2016,10,157.11988351149088,157.7560505554796,156.28081776016475
2016-11-01,2016,11,152.78153760159506,156.07883755616888,152.79421372110292
2016-12-01,2016,12,178.02594044385927,153.60368142618503,171.69754601066188
2017-01-01,2017,1,169.7168746844613,140.54609332703643,162.32696151076712
2017-02-01,2017,2,146.6190039235585,140.372284028829,144.69011576767318
2017-03-01,2017,3,157.24543424646103,165.08525720456623,158.0707869111648
2017-04-01,2017,4,157.76071443659188,145.14111869770684,154.30414813173238
2017-05-01,2017,5,154.70147620488666,165.7430657617631,156.0100361479759
2017-06-01,2017,6,149.4503571857213,157.07167441672172,150.1556179175962
2017-07-01,2017,7,169.5891229500217,164.58570513567832,167.51147793380213
2017-08-01,2017,8,155.3546260998013,173.29218860290027,158.7091397776485
2017-09-01,2017,9,160.6274495580376,165.88967243168005,161.57882220754905
2017-10-01,2017,10,162.969676594579,170.70706547553203,163.58588982740588
2017-11-01,2017,11,156.2961111746623,163.3408063546831,157.07682319022547
2017-12-01,2017,12,182.33659713077165,157.04075223966916,175.79473141052867
2018-01-01,2018,1,174.26687563179252,150.86259578752546,168.0797319109229
2018-02-01,2018,2,146.76137059544988,143.97307692133688,145.5688515711462
2018-03-01,2018,3,162.86984880339656,166.90744074934136,162.85381645557015
2018-04-01,2018,4,160.8421966674173,162.14777663370623,160.32315491699444
2018-05-01,2018,5,137.36491826051179,128.46961357672663,134.59481210243695
2018-06-01,2018,6,139.0987581600063,172.76141328558617,145.24838284956382
2018-07-01,2018,7,165.7368947821674,170.34918211863584,165.70010877309238
2018-08-01,2018,8,156.4531774748251,177.80720934513502,160.52462599958463
2018-09-01,2018,9,160.2151074266181,165.4779234902526,161.1669825420077
2018-10-01,2018,10,160.98486820436122,175.77972151249173,163.08259124905746
2018-11-01,2018,11,160.35552083040304,165.5904667674737,160.74356903835226
2018-12-01,2018,12,184.60426305946922,156.4490006229316,177.44176985719895
2019-01-01,2019,1,180.57953664010873,158.3084323109223,174.58917701119975
2019-02-01,2019,2,146.1494180830637,156.85081777310305,147.80923821864405
2019-03-01,2019,3,163.5386806460652,161.73153028391906,162.2837657989789
2019-04-01,2019,4,162.27612219030775,165.4261914168627,162.13787785095695
2019-05-01,2019,5,159.33846537222396,173.98702836936033,161.3327355577622
2019-06-01,2019,6,151.91110892112258,158.29611383532327,152.39863221863337
2019-07-01,2019,7,169.15874484794594,178.02803978847973,169.98634716687388
2019-08-01,2019,8,161.0899388787974,178.4983767706819,164.32689356504832
2019-09-01,2019,9,167.32812162388677,174.53022201263568,168.67676198112395
2019-10-01,2019,10,173.24822950981329,187.8543916886728,175.23290495218603
2019-11-01,2019,11,167.23274332993972,171.17205614400203,167.3237105901721
2019-12-01,2019,12,187.4760253492334,159.55378266488373,180.34372340766956
2020-01-01,2020,1,180.73390375367103,159.5443866577193,174.97131475958352
2020-02-01,2020,2,153.25625354945785,155.27358145067151,153.05947307320375
2020-03-01,2020,3,122.32583115508866,168.0319379685878,131.2947303942069
2020-04-01,2020,4,74.79222063234081,129.7318436339697,85.93295482320683
2020-05-01,2020,5,87.87482031587817,143.82020015428495,98.91836627025764
2020-06-01,2020,6,104.27823419922869,156.9866454125758,114.49626437599173
2020-07-01,2020,7,126.1521663130129,177.78131287577898,136.10479329928972
2020-08-01,2020,8,133.0778179182903,175.14133697864136,141.51223374306235
2020-09-01,2020,9,146.9601137188809,181.59020347144622,154.04023811758947
2020-10-01,2020,10,160.07974704391395,186.95924255713035,164.69521422880075
2020-11-01,2020,11,151.41905660223807,178.26623165263467,156.31608747283266
2020-12-01,2020,12,168.77760963107323,173.29746656682858,168.6277210265651
2021-01-01,2021,1,156.7732798519109,162.34438686941,156.85466313209318
2021-02-01,2021,2,135.23261821130322,163.06748788045766,140.55183158197238
2021-03-01,2021,3,118.04423624390606,184.99660863817752,131.51526469145898
2021-04-01,2021,4,119.35198218787849,170.04777398312106,129.3766717274425
2021-05-01,2021,5,141.73019742772507,184.82299425758677,149.82706186816068
2021-06-01,2021,6,133.52094965989087,174.81638848670997,141.2908017716319
2021-07-01,2021,7,154.8596402836685,181.62291265869115,159.55669159988358
2021-08-01,2021,8,148.70324396932637,183.81564111438973,155.67767433130211
2021-09-01,2021,9,151.71844172049305,180.06663406926094,157.50035500505638
2021-10-01,2021,10,157.2325142275677,180.2297836079023,161.0642664648492
2021-11-01,2021,11,155.51433755547194,177.36248530284888,159.36919882292764
2021-12-01,2021,12,178.34265179513434,175.17699829783263,176.5168457871442
2022-01-01,2022,1,155.32559080947985,161.1902883710937,155.47880974763416
2022-02-01,2022,2,141.25154111347874,163.99045257533973,145.4848097820256
2022-03-01,2022,3,158.71462010628625,188.35111467858027,164.21525576324734
2022-04-01,2022,4,159.4617755928172,172.98545544945063,161.58454163132643
2022-05-01,2022,5,157.1063774121835,194.9850793603235,164.0607383059775
2022-06-01,2022,6,143.53083399716306,181.48006650325547,150.5763660273361
2022-07-01,2022,7,172.15300038984586,188.4331805027373,174.60756396548624
2022-08-01,2022,8,160.04013074780008,195.0799256543425,166.9796560576385
2022-09-01,2022,9,159.03108494153,187.2224226529965,164.77740530217625
2022-10-01,2022,10,166.46614845770816,185.07100873055,169.33925262853623
2022-11-01,2022,11,156.97125994114268,181.47534237684124,161.36515365335788
2022-12-01,2022,12,184.85697949765824,174.8002737074459,181.54192218346128
2023-01-01,2023,1,181.85702248942772,166.0334097089496,177.2629710808461
2023-02-01,2023,2,150.8708739959141,160.09555697471902,152.24737538038252
2023-03-01,2023,3,168.8125875428441,195.23044190111355,173.59712817190965
2023-04-01,2023,4,168.80061095391628,170.49804990568475,168.42418003304903
2023-05-01,2023,5,168.9003123194211,201.88703286712263,174.7959271163836
2023-06-01,2023,6,158.22616682812756,185.7312560036778,163.08620908527053
2023-07-01,2023,7,179.745911318267,193.7698015969718,181.6978260235846
2023-08-01,2023,8,167.96772607345497,203.6588327086156,175.0275290661283
2023-09-01,2023,9,173.59497112805644,193.844981152814,177.6963681614178
2023-10-01,2023,10,172.00712372354505,198.48039439573415,176.46997104154843
2023-11-01,2023,11,169.46661890038396,193.82317943515048,173.77981267319794
2023-12-01,2023,12,196.0678906305446,181.7937208454568,191.79434736168722
2024-01-01,2024,1,186.17060673045307,179.83761371066936,183.54314341221144
2024-02-01,2024,2,160.22979624437158,179.34050664430669,163.63637571642352
2024-03-01,2024,3,175.24077071509208,190.11555792777477,177.58651631274853
2024-04-01,2024,4,170.41040874793762,197.52351452396198,175.31130529462936
2024-05-01,2024,5,176.32198230249483,204.1527754682888,181.12679768294797
2024-06-01,2024,6,164.94961162158452,196.16347276587638,170.53142696078453
2024-07-01,2024,7,184.9225365272386,209.96477145083696,189.1108049090039
2024-08-01,2024,8,174.1442357554274,210.35055038549638,181.29934834508495
2024-09-01,2024,9,173.9020776745897,203.84957040949402,180.00416738829
2024-10-01,2024,10,176.24589491889702,215.07226264713586,183.2303401574997
2024-11-01,2024,11,176.2649109792802,193.8533322077157,179.1620602163523
2024-12-01,2024,12,196.38677786129395,179.0005815556981,191.45776062130167
2025-01-01,2025,1,189.86907193301718,184.25797838758066,187.36774926455047
2025-02-01,2025,2,160.58844544498655,184.18443295304522,164.9302296188833
2025-03-01,2025,3,176.81343747141887,194.5587186349533,179.75188380811392
2025-04-01,2025,4,177.7409288853231,194.91600191332478,180.54389165476135
2025-05-01,2025,5,178.48667317214034,211.70343050229286,184.3813119626884
2025-06-01,2025,6,165.78560938252184,194.65510238850945,170.88805276252828
2025-07-01,2025,7,186.12233091512547,215.64265649713002,191.22417142454788
2025-08-01,2025,8,179.3847786386369,208.33082533370285,185.03446482863706
2025-09-01,2025,9,177.2531697347344,211.8216808498145,184.3072086168784
2025-10-01,2025,10,184.07641085836877,218.6955238923324,190.1484744855075
2025-11-01,2025,11,179.58721431364043,197.91338818668788,182.62231746360172
2025-12-01,2025,12,201.92293416448922,187.09711448773822,197.495446205164
